{"cameraMode":{"drawMode":0,"name":"Shaded","section":"Shading Mode"},"sceneLighting":true,"audioPlay":false,"sceneViewState":{"m_AlwaysRefresh":false,"showFog":true,"showSkybox":true,"showFlares":true,"showImageEffects":true,"showParticleSystems":true,"showVisualEffectGraphs":true,"m_FxEnabled":true},"in2DMode":false,"pivot":{"x":11.43729019165039,"y":1.222115397453308,"z":-40.45982360839844},"rotation":{"x":0.27694323658943179,"y":-0.37760061025619509,"z":0.11933144181966782,"w":0.8755677342414856},"size":0.6437166333198547,"orthographic":false}