{"cameraMode":{"drawMode":0,"name":"Shaded","section":"Shading Mode"},"sceneLighting":false,"audioPlay":false,"sceneViewState":{"m_AlwaysRefresh":false,"showFog":true,"showSkybox":false,"showFlares":true,"showImageEffects":true,"showParticleSystems":true,"showVisualEffectGraphs":true,"m_FxEnabled":true},"in2DMode":false,"pivot":{"x":0.24557793140411378,"y":0.16658374667167664,"z":0.1308654546737671},"rotation":{"x":0.10929721593856812,"y":-0.8751141428947449,"z":0.23375847935676576,"w":0.40950247645378115},"size":0.42768561840057375,"orthographic":false}