{"cameraMode":{"drawMode":0,"name":"Shaded","section":"Shading Mode"},"sceneLighting":false,"audioPlay":false,"sceneViewState":{"m_AlwaysRefresh":false,"showFog":true,"showSkybox":false,"showFlares":true,"showImageEffects":true,"showParticleSystems":true,"showVisualEffectGraphs":true,"m_FxEnabled":true},"in2DMode":false,"pivot":{"x":35.24219512939453,"y":1.4901789426803589,"z":28.231109619140626},"rotation":{"x":0.07736364006996155,"y":0.8994503617286682,"z":-0.39197519421577456,"w":0.17739513516426087},"size":1.9799450635910035,"orthographic":false}