{"cameraMode":{"drawMode":0,"name":"Shaded","section":"Shading Mode"},"sceneLighting":false,"audioPlay":false,"sceneViewState":{"m_AlwaysRefresh":false,"showFog":true,"showSkybox":false,"showFlares":true,"showImageEffects":true,"showParticleSystems":true,"showVisualEffectGraphs":true,"m_FxEnabled":true},"in2DMode":false,"pivot":{"x":0.05335444211959839,"y":0.02596890926361084,"z":0.05621838569641113},"rotation":{"x":0.32812973856925967,"y":-0.27149131894111636,"z":0.09898878633975983,"w":0.8994176983833313},"size":0.9141714572906494,"orthographic":false}