{"cameraMode":{"drawMode":0,"name":"Shaded","section":"Shading Mode"},"sceneLighting":false,"audioPlay":false,"sceneViewState":{"showFog":true,"showMaterialUpdate":false,"showSkybox":true,"showFlares":true,"showImageEffects":true,"showParticleSystems":true},"in2DMode":false,"pivot":{"x":-0.46959206461906435,"y":0.856450080871582,"z":3.9453039169311525},"rotation":{"x":0.28782328963279726,"y":-0.5964546799659729,"z":0.24210023880004884,"w":0.709074854850769},"size":3.1385374069213869,"orthographic":false}