{"cameraMode":{"drawMode":0,"name":"Shaded","section":"Shading Mode"},"sceneLighting":false,"audioPlay":false,"sceneViewState":{"showFog":true,"showMaterialUpdate":false,"showSkybox":true,"showFlares":true,"showImageEffects":true,"showParticleSystems":true},"in2DMode":false,"pivot":{"x":-4.860190391540527,"y":1.1733016967773438,"z":3.066324234008789},"rotation":{"x":-0.012329469434916973,"y":-0.659555196762085,"z":-0.010829520411789418,"w":0.751477062702179},"size":4.755262851715088,"orthographic":false}