{"cameraMode":{"drawMode":0,"name":"Shaded","section":"Shading Mode"},"sceneLighting":false,"audioPlay":false,"sceneViewState":{"showFog":true,"showMaterialUpdate":false,"showSkybox":true,"showFlares":true,"showImageEffects":true,"showParticleSystems":true},"in2DMode":false,"pivot":{"x":2.384185791015625e-7,"y":1.8714234828948975,"z":-0.03748524188995361},"rotation":{"x":-0.15820002555847169,"y":-0.14076051115989686,"z":0.02279127761721611,"w":-0.9770567417144775},"size":4.755262851715088,"orthographic":false}