{"cameraMode":{"drawMode":0,"name":"Shaded","section":"Shading Mode"},"sceneLighting":false,"audioPlay":false,"sceneViewState":{"showFog":true,"showMaterialUpdate":false,"showSkybox":true,"showFlares":true,"showImageEffects":true,"showParticleSystems":true},"in2DMode":false,"pivot":{"x":-0.013979822397232056,"y":1.2575860023498536,"z":-0.21997925639152528},"rotation":{"x":0.02013748325407505,"y":-0.9780772924423218,"z":0.11355993896722794,"w":0.17338827252388},"size":3.414736747741699,"orthographic":false}