{"cameraMode":{"drawMode":0,"name":"Shaded","section":"Shading Mode"},"sceneLighting":false,"audioPlay":false,"sceneViewState":{"m_AlwaysRefresh":false,"showFog":true,"showSkybox":false,"showFlares":true,"showImageEffects":true,"showParticleSystems":true,"showVisualEffectGraphs":true,"m_FxEnabled":true},"in2DMode":false,"pivot":{"x":0.0030596181750297548,"y":0.28216618299484255,"z":0.3633221387863159},"rotation":{"x":0.2926909029483795,"y":0.04094378277659416,"z":-0.012653954327106476,"w":0.9553171396255493},"size":0.8195489645004273,"orthographic":false}