{"cameraMode":{"drawMode":0,"name":"Shaded","section":"Shading Mode"},"sceneLighting":false,"audioPlay":false,"sceneViewState":{"m_AlwaysRefresh":false,"showFog":true,"showSkybox":false,"showFlares":true,"showImageEffects":true,"showParticleSystems":true,"showVisualEffectGraphs":true,"m_FxEnabled":true},"in2DMode":false,"pivot":{"x":-1.3274799585342408,"y":1.7989246845245362,"z":1.848650336265564},"rotation":{"x":-0.3214453458786011,"y":0.018505146726965905,"z":-0.006280094385147095,"w":-0.9467776417732239},"size":1.6175870895385743,"orthographic":false}